{"cameraMode":{"drawMode":0,"name":"Shaded","section":"Shading Mode"},"sceneLighting":true,"audioPlay":false,"sceneViewState":{"m_AlwaysRefresh":false,"showFog":true,"showSkybox":true,"showFlares":true,"showImageEffects":true,"showParticleSystems":true,"showVisualEffectGraphs":true,"m_FxEnabled":true},"in2DMode":false,"pivot":{"x":9.241409301757813,"y":19.94198989868164,"z":147.90176391601563},"rotation":{"x":0.03103470802307129,"y":-0.09819607436656952,"z":-0.003064274787902832,"w":-0.9946808218955994},"size":71.81581115722656,"orthographic":false}